uzytkownik,zrodlo_ruchu,urzadzenie,kraj,typ_uzytkownika,wskaznik_odrzucen_proc,sredni_czas_min,liczba_stron,wartosc_koszyka_eur,zakup
1,Google Ads,Mobile,Polska,Nowy,75,1.2,3,0,Nie
2,Social Media,Desktop,Niemcy,Powracający,20,4.5,10,150,Tak
3,Organic Search,Mobile,Wielka Brytania,Nowy,85,0.9,2,0,Nie
4,Google Ads,Tablet,Polska,Powracający,40,3.1,6,85,Tak
5,Social Media,Mobile,Niemcy,Nowy,65,1.7,4,30,Tak
6,Organic Search,Desktop,Polska,Nowy,50,2.5,5,0,Nie
7,Google Ads,Desktop,Wielka Brytania,Powracający,15,5.2,12,200,Tak
8,Social Media,Mobile,Polska,Nowy,80,1.0,2,0,Nie
9,Organic Search,Mobile,Niemcy,Powracający,45,3.4,7,75,Tak
10,Google Ads,Desktop,Polska,Powracający,35,3.7,9,120,Tak
11,Social Media,Tablet,Wielka Brytania,Nowy,70,1.8,3,0,Nie
12,Organic Search,Mobile,Niemcy,Nowy,90,0.7,1,0,Nie
13,Google Ads,Mobile,Niemcy,Powracający,30,4.2,8,95,Tak
14,Social Media,Desktop,Polska,Powracający,25,4.0,11,180,Tak
15,Organic Search,Tablet,Wielka Brytania,Nowy,60,2.3,5,0,Nie
